level	start	end	color	opacity	title	initiation	in	out	children	parents	prof_uid
1	5037429	5037744	#8e00ff	1.0	Mapper Call select_task_options						11
1	5039331	5039657	#FFC0CB	1.0	ProfTask <1>						13
1	5040426	5040458	#FFC0CB	1.0	ProfTask						15
1	5044699	5045022	#be00ff	1.0	summer <3>						30
1	5045349	5045363	#FFC0CB	1.0	ProfTask <4>						17
1	5046863	5046868	#FFC0CB	1.0	ProfTask <4>						19
1	5047882	5048065	#ff000e	1.0	__binary_int64_int64_- <5>						31
1	5048438	5048447	#FFC0CB	1.0	ProfTask <5>						21
1	5048965	5048979	#FFC0CB	1.0	ProfTask <1>						23
