level	start	end	color	opacity	title	initiation	in	out	children	parents	prof_uid
1	5043351	5043429	#FFC0CB	1.0	ProfTask <3>						56
1	5043531	5043536	#FFC0CB	1.0	ProfTask						58
1	5044702	5044711	#FFC0CB	1.0	ProfTask <3>						60
1	5044842	5044846	#FFC0CB	1.0	ProfTask <4>						62
1	5045037	5045040	#FFC0CB	1.0	ProfTask						64
1	5045599	5045607	#FFC0CB	1.0	ProfTask <3>						66
1	5046035	5046041	#FFC0CB	1.0	ProfTask <4>						68
1	5046416	5046420	#FFC0CB	1.0	ProfTask <3>						70
1	5047278	5047282	#FFC0CB	1.0	ProfTask <5>						72
1	5047899	5047903	#FFC0CB	1.0	ProfTask <5>						74
1	5048170	5048173	#FFC0CB	1.0	ProfTask <5>						76
1	5048447	5048485	#FFC0CB	1.0	ProfTask <1>						78
1	5049136	5049139	#FFC0CB	1.0	ProfTask						80
