level	start	end	color	opacity	title	initiation	in	out	children	parents	prof_uid
2	5038767	5039111	#ff8c00	1.0	Deferred Enqueue Task	1					2
2	5039388	5040317	#d0ff00	1.0	Scheduler	0					4
2	5040430	5041642	#00fcff	1.0	Task Physical Dependence Analysis	1					24
2	5041709	5041726	#FFC0CB	1.0	ProfTask <1>						29
2	5042604	5043089	#ff2300	1.0	Logical Dependence Analysis	3					32
1	5042755	5042862	#8e00ff	1.0	Mapper Call select_task_options						25
2	5043202	5043287	#333399	1.0	Deferred Ready Trigger	3					44
2	5043353	5043468	#d0ff00	1.0	Scheduler	0					45
2	5043544	5043813	#ff2300	1.0	Logical Dependence Analysis	4					33
2	5043891	5044655	#00fcff	1.0	Task Physical Dependence Analysis	3					46
1	5043926	5044335	#4f00ff	1.0	Mapper Call map_task for 3	3					27
2	5044742	5044804	#333399	1.0	Deferred Ready Trigger	4					47
2	5044861	5044975	#d0ff00	1.0	Scheduler	0					48
2	5045061	5045281	#00fcff	1.0	Task Physical Dependence Analysis	4					6
2	5045362	5045555	#006600	1.0	Post-Task Execution	3					49
2	5045624	5046347	#cdff00	1.0	Deferred Post-Task Execution	3					50
2	5046443	5046505	#006600	1.0	Post-Task Execution	4					81
2	5046564	5046799	#cdff00	1.0	Deferred Post-Task Execution	4					7
2	5047083	5047231	#ff2300	1.0	Logical Dependence Analysis	5					51
2	5047303	5047362	#333399	1.0	Deferred Ready Trigger	5					82
2	5047420	5047533	#d0ff00	1.0	Scheduler	0					83
2	5047599	5047855	#00fcff	1.0	Task Physical Dependence Analysis	5					52
2	5048076	5048129	#006600	1.0	Post-Task Execution	5					53
2	5048191	5048368	#cdff00	1.0	Deferred Post-Task Execution	5					9
2	5048452	5048881	#ff1100	1.0	Trigger Complete	1					10
2	5048973	5049091	#0dff00	1.0	Top Finish	0					54
